a4	fixture-cluster-linebreak	plain	2570	51919
a4	fixture-cluster-linebreak	cut30	2435	51919
a4	fixture-cluster-linebreak	cut90	2535	51919
narrow	fixture-cluster-linebreak	plain	2691	52017
narrow	fixture-cluster-linebreak	cut30	2732	52017
narrow	fixture-cluster-linebreak	cut90	2617	52017
a4	fixture-par-distributed	plain	2732	75916
a4	fixture-par-distributed	cut30	2600	75916
a4	fixture-par-distributed	cut90	2357	75916
narrow	fixture-par-distributed	plain	2124	76137
narrow	fixture-par-distributed	cut30	2195	76137
narrow	fixture-par-distributed	cut90	2039	76137
a4	fixture-word-boundaries	plain	1929	42981
a4	fixture-word-boundaries	cut30	2018	42981
a4	fixture-word-boundaries	cut90	1984	42981
narrow	fixture-word-boundaries	plain	1987	43071
narrow	fixture-word-boundaries	cut30	2078	43071
narrow	fixture-word-boundaries	cut90	2116	43071
a4	goat-report-analysis	plain	2738	153699
a4	goat-report-analysis	cut30	2751	153425
a4	goat-report-analysis	cut90	2900	153699
narrow	goat-report-analysis	plain	2242	183987
narrow	goat-report-analysis	cut30	2582	186884
narrow	goat-report-analysis	cut90	2240	185200
a4	goat-report-intro	plain	2191	112466
a4	goat-report-intro	cut30	2350	112545
a4	goat-report-intro	cut90	2278	112466
narrow	goat-report-intro	plain	2254	121969
narrow	goat-report-intro	cut30	2047	122102
narrow	goat-report-intro	cut90	2087	122095
a4	goat-report-methodology	plain	3121	172304
a4	goat-report-methodology	cut30	2851	172304
a4	goat-report-methodology	cut90	2927	172304
narrow	goat-report-methodology	plain	2372	202045
narrow	goat-report-methodology	cut30	2372	205151
narrow	goat-report-methodology	cut90	2582	203087
a4	goat-report-problem	plain	2727	62960
a4	goat-report-problem	cut30	2181	62960
a4	goat-report-problem	cut90	1981	62960
narrow	goat-report-problem	plain	1980	63173
narrow	goat-report-problem	cut30	1939	63173
narrow	goat-report-problem	cut90	2062	63173
a4	goat-report-related-works	plain	2532	156282
a4	goat-report-related-works	cut30	2594	156362
a4	goat-report-related-works	cut90	2609	156282
narrow	goat-report-related-works	plain	2811	180118
narrow	goat-report-related-works	cut30	2179	181508
narrow	goat-report-related-works	cut90	2321	180663
a4	goat-report-scope	plain	2903	88398
a4	goat-report-scope	cut30	2283	88398
a4	goat-report-scope	cut90	2060	88398
narrow	goat-report-scope	plain	2082	91262
narrow	goat-report-scope	cut30	2017	91373
narrow	goat-report-scope	cut90	2345	91337
